developer,Recuento de sentiment_analysis,sentiment
[geim].pro,1,neutral
07th Expansion,1,neutral
10th Art Studio.Adventure Productions,1,malo
10tons Ltd,1,positivo
11 bit studios,7,malo
11 bit studios,4,neutral
11 bit studios,10,positivo
1C Company,1,malo
1C: Maddox Games,2,positivo
2D BOY,2,positivo
2K Australia.Gearbox Software.Aspyr (Mac and Linux),2,malo
2K Australia.Gearbox Software.Aspyr (Mac and Linux),14,neutral
2K Australia.Gearbox Software.Aspyr (Mac and Linux),19,positivo
2K Boston.2K Australia,6,malo
2K Boston.2K Australia,3,neutral
2K Boston.2K Australia,24,positivo
2K Boston.2K Australia.Blind Squirrel.Feral Interactive (Mac),1,positivo
2K Czech.Feral Interactive (Mac),2,malo
2K Czech.Feral Interactive (Mac),9,neutral
2K Czech.Feral Interactive (Mac),11,positivo
2K Marin,1,malo
2K Marin,5,positivo
2K Marin.2K China.Digital Extremes.2K Australia.Feral Interactive (Mac),2,malo
2K Marin.2K China.Digital Extremes.2K Australia.Feral Interactive (Mac),1,neutral
2K Marin.2K China.Digital Extremes.2K Australia.Feral Interactive (Mac),4,positivo
2Play,1,neutral
2Play,5,positivo
30.06 Studios Ltd,1,neutral
3000AD,1,malo
3909,4,malo
3909,4,neutral
3909,19,positivo
3f Interactive,1,positivo
4 I Lab,4,positivo
4A Games,2,malo
4A Games,4,neutral
4A Games,7,positivo
5th Cell Media,4,neutral
5th Cell Media,12,positivo
777 Studios,1,malo
777 Studios,1,positivo
800 North and Digital Ranch,11,malo
800 North and Digital Ranch,11,neutral
800 North and Digital Ranch,20,positivo
8monkey Labs,1,positivo
A Crowd of Monsters,1,malo
Abbey Games,2,neutral
Abbey Games,6,positivo
Abrakam SA,1,positivo
ACE Team,3,malo
ACE Team,2,neutral
ACE Team,2,positivo
Actalogic,1,malo
Actalogic,1,positivo
Afterthought LLC,1,malo
Afterthought LLC,2,positivo
AGC,1,neutral
AGC,1,positivo
Airtight Games,1,positivo
Akakiy Petrushkin,1,neutral
Akakiy Petrushkin,1,positivo
Alex Zhang,1,neutral
Alexander Bruce,2,malo
Alexander Bruce,2,neutral
Alexander Bruce,13,positivo
Almost Human Games,1,malo
Almost Human Games,1,neutral
Almost Human Games,2,positivo
AlPixel Games.Luis Diaz.Gustavo Santos.Albert Fernandez.Tice Thomason,2,positivo
Amanita Design,2,neutral
Amanita Design,3,positivo
Amaterasu Software,1,positivo
AMPLITUDE Studios,1,malo
AMPLITUDE Studios,5,neutral
AMPLITUDE Studios,10,positivo
Andy Wallace,1,neutral
Ankama Studio,1,neutral
Ankama Studio,5,positivo
Antanas Marcelionis.Renė Petrulienė,1,positivo
Anvate Games,1,malo
Arc System Works,1,positivo
Arcen Games. LLC,1,positivo
Archive Entertainment,4,malo
Archive Entertainment,6,neutral
Archive Entertainment,13,positivo
Arkane Studios,8,malo
Arkane Studios,10,neutral
Arkane Studios,41,positivo
Arkedo,1,neutral
Arrowhead Game Studios,7,malo
Arrowhead Game Studios,21,neutral
Arrowhead Game Studios,29,positivo
Artery Games,2,neutral
Artery Games,2,positivo
Ascaron Entertainment ltd.,1,positivo
Ascension Entertainment LLC,1,malo
Ascension Entertainment LLC,1,neutral
Ascension Entertainment LLC,2,positivo
Aspyr,1,neutral
Aspyr,2,positivo
Aspyr Studios,1,malo
Aspyr Studios,1,neutral
Aspyr Studios,3,positivo
Atelier 801,6,neutral
Atelier 801,6,positivo
Avalanche Studios,17,malo
Avalanche Studios,25,neutral
Avalanche Studios,75,positivo
Avalanche Studios.Feral Interactive (Mac/Linux),7,malo
Avalanche Studios.Feral Interactive (Mac/Linux),4,neutral
Avalanche Studios.Feral Interactive (Mac/Linux),12,positivo
Awesome Games Studio,3,malo
Awesome Games Studio,1,neutral
Awesome Games Studio,19,positivo
AwesomeBlade,1,positivo
Axolot Games,1,malo
Axolot Games,3,neutral
Axolot Games,6,positivo
BadFly Interactive. a.s.,1,malo
Bankroll Studios,6,malo
Bankroll Studios,4,neutral
Bankroll Studios,6,positivo
Basaltic studio,2,positivo
BattleGoat Studios,1,positivo
Beam Team Games,8,malo
Beam Team Games,3,neutral
Beam Team Games,19,positivo
BeamNG,1,malo
BeamNG,2,neutral
BeamNG,4,positivo
Behold Studios,1,neutral
Behold Studios,1,positivo
Benjamin Rivers Inc.,1,positivo
BetaDwarf,1,neutral
Bethesda Game Studios,27,malo
Bethesda Game Studios,35,neutral
Bethesda Game Studios,82,positivo
Big Ant Studios,1,positivo
Big Corporation,1,malo
Big Corporation,3,neutral
Big Corporation,4,positivo
Big Fat Alien,2,malo
Big Huge Games.38 Studios,1,neutral
Big Huge Games.38 Studios,2,positivo
Big Robot Ltd,2,neutral
Big Robot Ltd,4,positivo
Binary Zoo.The Game Creators,1,malo
Binary Zoo.The Game Creators,3,positivo
BioWare,1,malo
BioWare,2,neutral
BioWare,19,positivo
BioWare.Aspyr (Mac),1,malo
BioWare.Aspyr (Mac),2,neutral
BioWare.Aspyr (Mac),7,positivo
Bitbox Ltd.,2,malo
Bitbox Ltd.,15,positivo
Bithell Games,1,malo
Bithell Games,3,neutral
Bithell Games,8,positivo
BitMonster. Inc.,2,malo
BitMonster. Inc.,1,neutral
BitMonster. Inc.,4,positivo
Bizarre Creations,2,neutral
Bizarre Creations,1,positivo
Black Element,1,positivo
Black Eye Games,1,neutral
Black Eye Games,1,positivo
Black Isle Studios,3,positivo
Blacklight Interactive,1,malo
Blacklight Interactive,2,neutral
Blacklight Interactive,8,positivo
BlankMediaGames,3,malo
BlankMediaGames,9,positivo
Blazing Griffin,1,neutral
Blazing Griffin,1,positivo
Blendo Games,1,positivo
Blind Sky Studios,2,positivo
Blinkworks Media,1,neutral
Blinkworks Media,1,positivo
Blit Software,2,malo
Blit Software,2,neutral
Blue Byte,1,malo
Blue Byte,2,neutral
Blue Byte,2,positivo
Blue Isle Studios,1,neutral
Blue Isle Studios,4,positivo
Blue Mammoth Games,4,malo
Blue Mammoth Games,9,neutral
Blue Mammoth Games,26,positivo
Blue Manchu,2,neutral
Blue Manchu,3,positivo
Bluebutton Games,2,malo
Bluebutton Games,1,neutral
Bluebutton Games,3,positivo
Bluehole Ginno Games,1,neutral
Bluehole Ginno Games,2,positivo
Bluehole. Inc.,3,malo
Bluehole. Inc.,4,neutral
Bluehole. Inc.,17,positivo
BlueLine Games,1,neutral
Bohemia Interactive,125,malo
Bohemia Interactive,140,neutral
Bohemia Interactive,356,positivo
Boneloaf,4,neutral
Boneloaf,7,positivo
Born Ready Games Ltd.,1,malo
Born Ready Games Ltd.,1,neutral
Born Ready Games Ltd.,2,positivo
Bossa Studios,4,malo
Bossa Studios,12,neutral
Bossa Studios,23,positivo
Brace Yourself Games,3,malo
Brace Yourself Games,1,neutral
Brace Yourself Games,2,positivo
Brian Cronin,1,neutral
Brian Cronin,1,positivo
Brightrock Games,1,neutral
Brilliant Skies Ltd.,2,neutral
Brilliant Skies Ltd.,1,positivo
Browny Application,1,neutral
BUGBEAR,4,malo
BUGBEAR,1,neutral
BUGBEAR,6,positivo
Bugbear Entertainment,3,positivo
BumpkinBrothers,1,neutral
Butterscotch Shenanigans,3,positivo
Bytebin,1,malo
Cadence Games,1,positivo
Campo Santo,1,malo
Campo Santo,1,neutral
Campo Santo,15,positivo
Camshaft Software,1,positivo
Capcom,7,malo
Capcom,13,neutral
Capcom,15,positivo
CAPCOM CO.. LTD.,2,malo
CAPCOM CO.. LTD.,3,neutral
CAPCOM CO.. LTD.,3,positivo
Capcom Game Studio Vancouver,3,malo
Capcom Game Studio Vancouver,2,neutral
Capcom Game Studio Vancouver,7,positivo
Capcom U.S.A.. Inc.,1,positivo
Capcom Vancouver,2,malo
Capcom Vancouver,1,neutral
Capcom Vancouver,3,positivo
Capybara.Superbrothers.Jim Guthrie,1,positivo
Carbine Studios,4,positivo
Carbon Games,7,malo
Carbon Games,11,neutral
Carbon Games,22,positivo
Carlsen Games,1,malo
Carlsen Games,2,positivo
Carmine T. Guida,1,neutral
Carmine T. Guida,1,positivo
CAT IN JAR GAMES,1,neutral
Cavedog Entertainment,1,malo
Cavedog Entertainment,3,positivo
CCP,2,positivo
CD PROJEKT RED,5,malo
CD PROJEKT RED,5,neutral
CD PROJEKT RED,10,positivo
Cellar Door Games,4,neutral
Cellar Door Games,7,positivo
Chris Sawyer Productions,1,positivo
Chucklefish,16,malo
Chucklefish,40,neutral
Chucklefish,120,positivo
CI Games,3,positivo
CI Games.Deck 13,1,malo
CI Games.Deck 13,2,positivo
Cipher Prime Studios,1,neutral
Circle Five Studios.Pub Games,1,malo
Circle Five Studios.Pub Games,2,neutral
Circle Five Studios.Pub Games,2,positivo
City Interactive,3,malo
City Interactive,4,neutral
City Interactive,5,positivo
Cloudcade. Inc.,1,positivo
CoaguCo Industries,1,positivo
Code}{atch,7,malo
Code}{atch,9,neutral
Code}{atch,16,positivo
CodeBrush Games,5,malo
CodeBrush Games,5,neutral
CodeBrush Games,13,positivo
Codemasters,1,positivo
Codemasters Action Studio,1,malo
Codemasters Digital,1,neutral
Codemasters Racing.Feral Interactive (Mac),1,malo
Codemasters Racing.Feral Interactive (Mac),3,neutral
Codemasters Racing.Feral Interactive (Mac),10,positivo
Codemasters Racing.Feral Interactive (Mac).Feral Interactive (Linux),1,malo
Codemasters Studios,1,malo
Codemasters Studios,1,positivo
Codemasters.Feral Interactive (Linux),2,positivo
Codemasters.Feral Interactive (Mac),1,neutral
Codemasters.Feral Interactive (Mac),2,positivo
Codename Entertainment Inc.,2,positivo
Coffee Stain Studios,22,malo
Coffee Stain Studios,50,neutral
Coffee Stain Studios,84,positivo
Cold Beam Games,2,malo
Cold Beam Games,3,neutral
Cold Beam Games,5,positivo
Colossal Games,1,positivo
Colossal Order Ltd.,3,malo
Colossal Order Ltd.,11,neutral
Colossal Order Ltd.,19,positivo
ConcernedApe,3,malo
ConcernedApe,18,neutral
ConcernedApe,33,positivo
Core Design,1,positivo
Cosmic Cow LLC,1,neutral
Cosmic Cow LLC,1,positivo
Counterplay Games Inc.,2,positivo
Crackshell,1,malo
Crackshell,2,neutral
Crackshell,2,positivo
Crate Entertainment,1,malo
Crate Entertainment,4,neutral
Crate Entertainment,2,positivo
Crazy Moo Games,2,neutral
Crazy Moo Games,1,positivo
Crazy Viking Studios,1,neutral
Crazy Viking Studios,1,positivo
CRAZYDIAMOND CO.. LTD.,2,positivo
Creability,1,malo
Creability,2,neutral
Creability,4,positivo
Creative Assembly,18,malo
Creative Assembly,11,neutral
Creative Assembly,33,positivo
Creative Assembly. PC Port - Hardlight,1,malo
Creative Assembly. PC Port - Hardlight,1,neutral
Creative Assembly. PC Port - Hardlight,1,positivo
Creative Assembly.Feral Interactive (Linux).Feral Interactive (Mac),3,malo
Creative Assembly.Feral Interactive (Linux).Feral Interactive (Mac),3,neutral
Creative Assembly.Feral Interactive (Linux).Feral Interactive (Mac),9,positivo
Creative Assembly.Feral Interactive (Mac).Feral Interactive (Linux),2,malo
Creative Assembly.Feral Interactive (Mac).Feral Interactive (Linux),5,neutral
Creative Assembly.Feral Interactive (Mac).Feral Interactive (Linux),9,positivo
Criterion Games,1,malo
Criterion Games,2,neutral
Criterion Games,17,positivo
Critical Studio,1,malo
Critical Studio,3,neutral
Critical Studio,7,positivo
Croteam,2,malo
Croteam,3,neutral
Croteam,6,positivo
Croteam.Alligator Pit,1,positivo
Crowbar Collective,4,neutral
Crowbar Collective,6,positivo
Crows Crows Crows,2,malo
Crows Crows Crows,1,neutral
Crows Crows Crows,4,positivo
Cryptic Studios,8,malo
Cryptic Studios,12,neutral
Cryptic Studios,33,positivo
Crystal Dynamics,1,malo
Crystal Dynamics,2,positivo
Crystal Dynamics.Feral Interactive (Mac).Feral Interactive (Linux),10,malo
Crystal Dynamics.Feral Interactive (Mac).Feral Interactive (Linux),15,neutral
Crystal Dynamics.Feral Interactive (Mac).Feral Interactive (Linux),52,positivo
Crytek,20,malo
Crytek,11,neutral
Crytek,23,positivo
Crytek Studios,3,neutral
Crytek Studios,5,positivo
CSR-Studios,3,neutral
CSR-Studios,4,positivo
Cyanide,1,positivo
Cyanide Montreal,1,malo
Cyanide Studio,1,malo
Cyanide Studio,2,positivo
Cyanide Studios,2,malo
Cyanide Studios,2,neutral
Cyanide Studios,1,positivo
CyberConnect2 Co. Ltd.,2,malo
CyberConnect2 Co. Ltd.,5,neutral
CyberConnect2 Co. Ltd.,12,positivo
CyberConnect2 Co.. Ltd.,3,positivo
Cybertime System,1,malo
Cybertime System,2,neutral
Cybertime System,3,positivo
Dan  Walters.Ceri Williams,1,malo
Dan  Walters.Ceri Williams,1,neutral
Dancing Dragon Games,1,positivo
Daniel Davies,1,neutral
Daniel Davies,2,positivo
Daniel Jonathan Bourke,1,malo
Daniel Jonathan Bourke,1,neutral
Daniel Jonathan Bourke,2,positivo
Daniel Mullins Games,2,positivo
Dark Energy Digital Ltd.,1,positivo
DarkElite,1,positivo
Data Realms,3,malo
Data Realms,3,positivo
David OReilly,2,neutral
David OReilly,10,positivo
Day 1 Studios,2,malo
Day 1 Studios,3,positivo
Daybreak Game Company,24,malo
Daybreak Game Company,48,neutral
Daybreak Game Company,130,positivo
Dead Shark Triplepunch,1,malo
Dead Shark Triplepunch,2,positivo
Deep Silver Volition,13,malo
Deep Silver Volition,35,neutral
Deep Silver Volition,62,positivo
Deep Silver Volition.High Voltage Software,4,malo
Deep Silver Volition.High Voltage Software,4,positivo
Defence Alliance Team,1,neutral
Dekovir Entertainment,1,neutral
Dekovir Entertainment,2,positivo
Demiurge Studios,3,positivo
Dennaton Games,15,malo
Dennaton Games,22,neutral
Dennaton Games,38,positivo
Destructive Creations,1,neutral
Devil's Details,1,malo
Devil's Details,3,positivo
DICE,5,malo
DICE,5,neutral
DICE,10,positivo
DiezelPower,1,neutral
Digerati Distribution,1,malo
Digerati Distribution,2,positivo
DiggerWorld Ltd.,3,neutral
DiggerWorld Ltd.,2,positivo
Digital Confectioners,2,malo
Digital Confectioners,9,neutral
Digital Confectioners,17,positivo
Digital Extremes,30,malo
Digital Extremes,92,neutral
Digital Extremes,240,positivo
Digital Leisure Inc.,1,malo
Digital Melody,1,malo
Digital Melody,1,positivo
Digitalmindsoft,3,malo
Digitalmindsoft,4,neutral
Digitalmindsoft,9,positivo
Diminished Studios,1,malo
DIMPS,3,neutral
DIMPS,8,positivo
Dischan Media,1,positivo
DL Softworks,2,positivo
Doctor Entertainment AB,3,malo
Doctor Entertainment AB,4,neutral
Doctor Entertainment AB,6,positivo
Dodge Roll,2,malo
Dodge Roll,1,positivo
DONTNOD Entertainment,4,positivo
DONTNOD Entertainment.Feral Interactive (Mac).Feral Interactive (Linux),12,malo
DONTNOD Entertainment.Feral Interactive (Mac).Feral Interactive (Linux),17,neutral
DONTNOD Entertainment.Feral Interactive (Mac).Feral Interactive (Linux),49,positivo
DotEmu,1,neutral
Double Action Factory,2,malo
Double Action Factory,8,neutral
Double Action Factory,10,positivo
Double Damage Games,1,positivo
Double Eleven.Q-Games Ltd.,1,malo
Double Eleven.Q-Games Ltd.,1,positivo
Double Fine Productions,4,malo
Double Fine Productions,6,neutral
Double Fine Productions,18,positivo
Double Helix Games,1,neutral
Double Helix Games.Rainbow Studios.THQ Nordic,7,positivo
DoubleDutch Games,5,malo
DoubleDutch Games,14,neutral
DoubleDutch Games,24,positivo
Dovetail Games,5,neutral
Dovetail Games,9,positivo
DR Studios,3,malo
DR Studios,2,neutral
DR Studios,2,positivo
Dragonfly,5,neutral
Dragonfly,15,positivo
Dragonfly GF Co.. LTD,2,neutral
Dream Reactor,1,positivo
DrinkBox Studios,1,neutral
DrinkBox Studios,7,positivo
Dry Cactus,3,positivo
EA - Maxis,1,neutral
EA - Maxis.Aspyr (Mac),1,malo
EA - Maxis.Aspyr (Mac),1,neutral
EA - Maxis.Aspyr (Mac),2,positivo
EA Los Angeles,4,neutral
EA Los Angeles,9,positivo
EA Redwood Shores,2,malo
EA Redwood Shores,3,neutral
EA Redwood Shores,4,positivo
EasyAntiCheat Ltd,2,positivo
Ed Key and David Kanaga,2,neutral
Ed Key and David Kanaga,2,positivo
Eden Industries,1,neutral
Eden Industries,2,positivo
Eden Studios,1,positivo
Edge Case Games Ltd.,3,malo
Edge Case Games Ltd.,3,neutral
Edge Case Games Ltd.,9,positivo
Edge of Reality,36,malo
Edge of Reality,59,neutral
Edge of Reality,137,positivo
Edmund McMillen and Florian Himsl,17,malo
Edmund McMillen and Florian Himsl,21,neutral
Edmund McMillen and Florian Himsl,60,positivo
Edmund McMillen.Tyler Glaiel,1,positivo
Eforb,2,malo
Eforb,1,neutral
Eforb,3,positivo
Eggcode,2,positivo
Eidos Studio Hungary,1,neutral
Eidos Studio Hungary,1,positivo
Eidos-Montréal.Feral Interactive (Mac),3,malo
Eidos-Montréal.Feral Interactive (Mac),7,neutral
Eidos-Montréal.Feral Interactive (Mac),5,positivo
Eko Software,1,malo
Eko Software,8,neutral
Eko Software,9,positivo
Elecorn,1,neutral
Elecorn,1,positivo
Electronic Arts,1,malo
Electronic Arts,3,neutral
Electronic Arts,2,positivo
Eleon Game Studios,1,malo
Eleon Game Studios,3,positivo
Elias Viglione.Jussi Kukkonen,1,malo
Elias Viglione.Jussi Kukkonen,3,neutral
Elias Viglione.Jussi Kukkonen,9,positivo
Elijah Newman-Gomez,2,malo
Elijah Newman-Gomez,1,neutral
Elijah Newman-Gomez,6,positivo
Endless Loop Studios,1,neutral
Endless Loop Studios,1,positivo
Endnight Games Ltd,15,malo
Endnight Games Ltd,19,neutral
Endnight Games Ltd,58,positivo
Ensemble Studios,1,malo
Ensemble Studios,7,neutral
Ensemble Studios,17,positivo
Entity Medialab,1,positivo
Entrada Interactive LLC,2,malo
Entrada Interactive LLC,4,positivo
Epic Games. Inc.,1,neutral
Epic Games. Inc.,6,positivo
Eric Hartman.Ben Garney.Anthony Rotondo,3,neutral
Eric Hartman.Ben Garney.Anthony Rotondo,4,positivo
Erik Asmussen,1,malo
Erik Asmussen,2,positivo
ESTsoft Corp.,1,neutral
Eugen Systems,3,malo
Eugen Systems,5,neutral
Eugen Systems,18,positivo
Exe Games Inc.,2,malo
Exe Games Inc.,5,neutral
Exe Games Inc.,3,positivo
EXOR Studios,2,neutral
Expansive Worlds.Avalanche Studios,15,malo
Expansive Worlds.Avalanche Studios,12,neutral
Expansive Worlds.Avalanche Studios,23,positivo
Eyedentity Games Inc.,1,neutral
Eyedentity Games Inc.,9,positivo
Eyzi,1,malo
Eyzi,8,neutral
Eyzi,2,positivo
Fabio Ferrara,2,malo
Fabio Ferrara,4,neutral
Fabio Ferrara,2,positivo
Fabio Ferrara.Davide Caio.Nicolò Azzolini.Antonio Carcagnì.Luigi Di Guida.Tommaso Vita,4,malo
Fabio Ferrara.Davide Caio.Nicolò Azzolini.Antonio Carcagnì.Luigi Di Guida.Tommaso Vita,2,neutral
Fabio Ferrara.Davide Caio.Nicolò Azzolini.Antonio Carcagnì.Luigi Di Guida.Tommaso Vita,12,positivo
Facepunch Studios,93,malo
Facepunch Studios,125,neutral
Facepunch Studios,280,positivo
Fancy Fish Games,1,malo
FarSight Studios,2,neutral
Fatshark,1,malo
Fatshark,3,neutral
Fatshark,4,positivo
Fermenter Games,1,positivo
Fervent,1,positivo
Filip Victor.Valve,1,positivo
Firaxis Games.Feral Interactive (Mac).Feral Interactive (Linux),10,malo
Firaxis Games.Feral Interactive (Mac).Feral Interactive (Linux),5,neutral
Firaxis Games.Feral Interactive (Mac).Feral Interactive (Linux),32,positivo
Firaxis.Feral Interactive (Mac).Feral Interactive (Linux),3,malo
Firaxis.Feral Interactive (Mac).Feral Interactive (Linux),1,neutral
Firaxis.Feral Interactive (Mac).Feral Interactive (Linux),9,positivo
FireFly Studios,5,malo
FireFly Studios,5,neutral
FireFly Studios,11,positivo
Fishing Planet LLC,2,neutral
Fishing Planet LLC,3,positivo
Fistful of Frags Team,4,malo
Fistful of Frags Team,29,neutral
Fistful of Frags Team,29,positivo
Flump Studios,1,neutral
FlyAnvil,1,neutral
FlyAnvil,1,positivo
Flying Wild Hog,6,malo
Flying Wild Hog,2,neutral
Flying Wild Hog,11,positivo
Focus Home Interactive,2,neutral
Forever Entertainment S. A.,3,neutral
Freakinware Limited,1,neutral
Freakinware Studios,4,malo
Freakinware Studios,4,neutral
Freakinware Studios,5,positivo
Fred Wood,1,neutral
Fred Wood,3,positivo
Free Lives,4,malo
Free Lives,24,neutral
Free Lives,27,positivo
Freebird Games,3,malo
Freebird Games,7,neutral
Freebird Games,12,positivo
Freejam,36,malo
Freejam,35,neutral
Freejam,125,positivo
Frictional Games,4,malo
Frictional Games,5,neutral
Frictional Games,10,positivo
Frogwares,1,malo
Frogwares,2,positivo
FromSoftware,30,malo
FromSoftware,12,neutral
FromSoftware,23,positivo
FromSoftware. Inc,11,malo
FromSoftware. Inc,15,neutral
FromSoftware. Inc,26,positivo
FromSoftware. Inc.,9,malo
FromSoftware. Inc.,5,neutral
FromSoftware. Inc.,16,positivo
Frontier.Aspyr (Mac),1,malo
Frontier.Aspyr (Mac),1,neutral
Frontier.Aspyr (Mac),2,positivo
Frozenbyte,2,malo
Frozenbyte,2,neutral
Frozenbyte,13,positivo
Fullbright,1,malo
Fullbright,2,neutral
Fullbright,6,positivo
Funcom,1,neutral
Funselektor Labs Inc..FlippFly,2,neutral
G2CREW,1,neutral
Gaijin Entertainment,4,positivo
Gaijin Entertainment Corporation,1,positivo
Gaijin Games,1,malo
Gaijin Games,4,neutral
Gaijin Games,6,positivo
Galactic Cafe,4,malo
Galactic Cafe,8,neutral
Galactic Cafe,27,positivo
Game Dev Castle,1,positivo
GameConnect.InterWave Studios,1,malo
GameConnect.InterWave Studios,2,positivo
GameCrafterTeam,1,malo
Gameguyz,1,neutral
Game-Labs,1,neutral
Game-Labs,1,positivo
GameUS Inc.,1,malo
GameUS Inc.,1,positivo
Gamious,1,positivo
Ganz,1,malo
Ganz,2,neutral
Ganz,1,positivo
Gas Powered Games,2,malo
Gas Powered Games,2,neutral
Gas Powered Games,10,positivo
Gaslamp Games. Inc.,1,malo
Gaslamp Games. Inc.,2,positivo
GDT Limited,1,positivo
Gearbox Software,1,malo
Gearbox Software,8,neutral
Gearbox Software,15,positivo
Gearbox Software.Aspyr (Mac &amp; Linux),30,malo
Gearbox Software.Aspyr (Mac &amp; Linux),68,neutral
Gearbox Software.Aspyr (Mac &amp; Linux),196,positivo
Gearbox Software.Aspyr (Mac),2,malo
Gearbox Software.Aspyr (Mac),3,positivo
GhostShark,1,neutral
GhostShark,6,positivo
Giants Software,4,malo
Giants Software,6,neutral
Giants Software,17,positivo
Going Loud Studios,4,neutral
Going Loud Studios,11,positivo
Goldhawk Interactive,1,positivo
Gone North Games,1,malo
Gone North Games,6,positivo
gord10.Aslan Game Studio,2,malo
Gravity Interactive,1,neutral
Gravity Interactive,3,positivo
Gravity. Inc.,2,malo
Gravity. Inc.,2,neutral
Gravity. Inc.,2,positivo
Gravvit Ltd.Forbes  Consult Ltd,1,neutral
Gravvit Ltd.Forbes  Consult Ltd,1,positivo
Green Lava Studios,1,neutral
Green Lava Studios,3,positivo
Greenheart Games,2,neutral
Greenheart Games,25,positivo
Gremlin Interactive,1,positivo
GSC Game World,2,malo
GSC Game World,4,neutral
GSC Game World,11,positivo
Gunfire Games.Vigil Games.THQ Nordic,1,neutral
Haemimont Games,1,malo
Haemimont Games,3,neutral
Haemimont Games,16,positivo
Halfbus,1,positivo
Handyman Studios,1,neutral
Handyman Studios,6,positivo
Hardsuit Labs,9,malo
Hardsuit Labs,25,neutral
Hardsuit Labs,49,positivo
Harebrained Schemes,1,malo
Harebrained Schemes,3,positivo
Hassey Enterprises. Inc.,2,neutral
Hassey Enterprises. Inc.,1,positivo
Heart Machine,1,malo
Hello There AB,3,positivo
Hemisphere Games,1,positivo
Hinterland Studio Inc.,2,neutral
Hinterland Studio Inc.,11,positivo
Hipix Studio,1,neutral
Hi-Rez Studios,10,malo
Hi-Rez Studios,20,neutral
Hi-Rez Studios,42,positivo
Hitcents,1,positivo
Holy Priest,1,neutral
Holy Priest,3,positivo
Holy Warp.Black Wing Foundation,1,neutral
Hoobalugalar_X,4,malo
Hoobalugalar_X,1,neutral
Hoobalugalar_X,7,positivo
Hopoo Games. LLC,6,malo
Hopoo Games. LLC,13,neutral
Hopoo Games. LLC,29,positivo
Hörberg Productions,1,neutral
Humble Hearts LLC,1,malo
Humble Hearts LLC,3,neutral
Humble Hearts LLC,14,positivo
HuniePot,2,malo
HuniePot,2,neutral
HuniePot,13,positivo
Hyper Hippo Games,8,malo
Hyper Hippo Games,20,neutral
Hyper Hippo Games,36,positivo
ICE Entertainment,2,malo
ICE Entertainment,1,positivo
Ice Water Games,1,malo
Ice Water Games,1,neutral
Ice Water Games,4,positivo
id Software,13,malo
id Software,11,neutral
id Software,37,positivo
Idea Factory,2,positivo
IDEA FACTORY Co.. Ltd..COMPILE HEART Co.. Ltd..FELISTELLA Co.. Ltd.,2,neutral
IDEA FACTORY Co.. Ltd..COMPILE HEART Co.. Ltd..FELISTELLA Co.. Ltd.,9,positivo
Idea Factory.Compile Heart.Felistella,2,neutral
Idea Factory.Compile Heart.Felistella,3,positivo
IDHAS Studios,1,positivo
Idigicon,1,malo
Idol FX,2,neutral
Idol FX,1,positivo
Image &amp; Form,1,positivo
IMCGAMES Co..Ltd.,2,malo
IMCGAMES Co..Ltd.,5,neutral
IMCGAMES Co..Ltd.,6,positivo
IMGN.PRO,1,malo
Infinity Plus 2,2,positivo
Infinity Ward,17,malo
Infinity Ward,4,neutral
Infinity Ward,23,positivo
Infinity Ward.Aspyr (Mac),12,malo
Infinity Ward.Aspyr (Mac),18,neutral
Infinity Ward.Aspyr (Mac),24,positivo
Ino-Co Plus,1,positivo
Interplay Inc.,1,malo
Introversion Software,8,malo
Introversion Software,5,neutral
Introversion Software,33,positivo
Invent4 Entertainment,13,malo
Invent4 Entertainment,14,neutral
Invent4 Entertainment,19,positivo
InvertMouse,5,positivo
IO Entertainment,1,malo
IO Interactive,1,positivo
IO Interactive A/S.Feral Interactive (Linux).Feral Interactive (Mac),1,malo
IO Interactive A/S.Feral Interactive (Linux).Feral Interactive (Mac),1,neutral
IO Interactive A/S.Feral Interactive (Linux).Feral Interactive (Mac),4,positivo
Io-Interactive A/S,2,malo
Io-Interactive A/S,5,neutral
Io-Interactive A/S,5,positivo
Io-Interactive A/S.Feral Interactive (Mac),5,malo
Io-Interactive A/S.Feral Interactive (Mac),9,neutral
Io-Interactive A/S.Feral Interactive (Mac),17,positivo
Ion Storm,4,neutral
Ion Storm,3,positivo
IPACS,1,neutral
Iron Galaxy Studios. LLC,1,neutral
Iron Galaxy Studios. LLC,1,positivo
Ironclad Games.Stardock Entertainment,1,malo
Ironclad Games.Stardock Entertainment,10,positivo
Ironhide Game Studio,1,neutral
Ironhide Game Studio,8,positivo
Irrational Games.Aspyr (Mac).Virtual Programming (Linux),13,malo
Irrational Games.Aspyr (Mac).Virtual Programming (Linux),29,neutral
Irrational Games.Aspyr (Mac).Virtual Programming (Linux),74,positivo
Irrational Games.Looking Glass Studios,1,positivo
Ivory Tower in collaboration with Ubisoft Reflections,2,malo
Ivory Tower in collaboration with Ubisoft Reflections,4,neutral
Ivory Tower in collaboration with Ubisoft Reflections,2,positivo
Jagex Limited,14,malo
Jagex Limited,23,neutral
Jagex Limited,41,positivo
Jagex.Artplant,4,malo
Jagex.Artplant,4,neutral
Jagex.Artplant,14,positivo
JDM4iK,1,malo
JDM4iK,2,neutral
JDM4iK,5,positivo
Jetdogs Studios.Zoom Out Games,1,neutral
JForce Games,5,malo
JForce Games,3,positivo
Johannes Eski,1,neutral
Johannes Eski,1,positivo
Joycity,2,malo
Joycity,4,neutral
Joycity,6,positivo
JumpStart Games. Inc.,3,malo
JumpStart Games. Inc.,2,neutral
JumpStart Games. Inc.,1,positivo
KADOKAWA,6,positivo
KADOKAWA GAMES / GRASSHOPPER MANUFACTURE,1,neutral
Kaos Studios.Digital Extremes,5,positivo
Katauri,1,positivo
kChamp Games,1,malo
kChamp Games,4,positivo
Keen Games,1,malo
Keen Games,1,neutral
Keen Games,1,positivo
Keen Software House,2,malo
Keen Software House,2,neutral
Keen Software House,5,positivo
Keinart Lobre,2,positivo
KHB-Soft,1,positivo
Kittehface Software,1,malo
Klei Entertainment,1,neutral
Klei Entertainment,15,positivo
KOEI TECMO GAMES CO.. LTD.,1,malo
KOEI TECMO GAMES CO.. LTD.,2,neutral
KOEI TECMO GAMES CO.. LTD.,1,positivo
KOG,1,malo
KOG,5,neutral
KOG,5,positivo
Koga Tech Limited,1,positivo
Kojima Productions,6,positivo
Konami Digital Entertainment,8,malo
Konami Digital Entertainment,13,neutral
Konami Digital Entertainment,19,positivo
Konstantin Koshutin,1,positivo
Kot in Action Creative Artel,1,neutral
Krome Studios,1,malo
Kukouri,1,malo
Kukouri,1,neutral
Kukouri,1,positivo
Kyle Seeley,18,malo
Kyle Seeley,24,neutral
Kyle Seeley,35,positivo
Lab Zero Games,3,malo
Lab Zero Games,12,neutral
Lab Zero Games,7,positivo
Labyrinthine,1,neutral
Labyrinthine,1,positivo
Lamina Studios.Mike Studios,1,positivo
Landfall,2,positivo
Landon Podbielski,4,neutral
Landon Podbielski,5,positivo
Last Day of Work,1,positivo
Lazy Bear Games,1,positivo
Lazy Monday Games,1,positivo
Legend Studio,1,positivo
Lightbulb Crew,1,neutral
Lightmare Studios,1,malo
Lightmare Studios,4,positivo
Lino Slahuschek,2,neutral
Lino Slahuschek,5,positivo
Lionhead Studios,2,neutral
Lionhead Studios,8,positivo
Little Big Lee,1,positivo
Lonely Troops,1,positivo
Looking Glass Studios,2,neutral
Lord Kres,1,neutral
Lord Kres,2,positivo
LucasArts,3,neutral
LucasArts,6,positivo
LucasArts.Aspyr Studios,2,malo
LucasArts.Aspyr Studios,1,neutral
LucasArts.Aspyr Studios,1,positivo
Lucasfim,1,positivo
LUCKY GIRLS LIMITED,1,positivo
LuGus Studios,3,positivo
Lukewarm Media,4,malo
Lukewarm Media,13,positivo
M2H.Blackmill Games,11,malo
M2H.Blackmill Games,9,neutral
M2H.Blackmill Games,32,positivo
Machine Games,1,malo
Machine Games,2,neutral
Machine Games,12,positivo
MachineGames,6,positivo
Maciej Targoni.Wojciech Wasiak,1,positivo
Mad Otter Games,2,neutral
Mad Otter Games,2,positivo
Manuel Pazos.Daniel Celemín,1,positivo
marbenx,3,malo
marbenx,4,neutral
marbenx,1,positivo
Mario von Rickenbach.Michael Frei,1,malo
Mario von Rickenbach.Michael Frei,3,neutral
Mario von Rickenbach.Michael Frei,2,positivo
Martin Ivanov,2,positivo
Marxnet,2,positivo
Masangsoft. Inc.,5,malo
Masangsoft. Inc.,14,neutral
Masangsoft. Inc.,12,positivo
Masthead Studios Ltd,1,positivo
Matt Roszak,1,neutral
Matt Roszak,4,positivo
Matthew Brown,1,positivo
Maxis™,8,neutral
Maxis™,13,positivo
Mechanist Games,2,neutral
Mechanist Games,2,positivo
Megadev,3,malo
Megadev,1,positivo
MercurySteam - Climax Studios,1,positivo
Messhof,3,malo
Messhof,1,neutral
Messhof,10,positivo
Michael Todd Games,2,malo
Michael Todd Games,5,positivo
Michael Zahniser,2,positivo
Michaela Laws,2,positivo
Microblast Games,6,malo
Microblast Games,3,neutral
Microblast Games,6,positivo
MicroProse Software. Inc,1,malo
MicroProse Software. Inc,1,positivo
Microsoft Game Studios,1,malo
Microsoft Game Studios,2,neutral
Microsoft Game Studios,3,positivo
Might and Delight,4,positivo
Mighty Rabbit Studios.Gun Media,1,positivo
Milan Kazarka.Jeroen van Oosten,1,positivo
Milestone S.r.l.,1,positivo
Milkstone Studios,1,neutral
Mindstorm Studios,1,positivo
Mine Loader Software Co.. Ltd.,3,neutral
Mine Loader Software Co.. Ltd.,5,positivo
MiniBoss,1,malo
MiniBoss,1,neutral
MiniBoss,2,positivo
MinMax Games Ltd.,1,neutral
MinMax Games Ltd.,3,positivo
Minor Key Games,2,neutral
Minor Key Games,5,positivo
Minority Media Inc.,1,neutral
Minority Media Inc.,1,positivo
Mint Age Studios,3,positivo
MobileBits,1,positivo
Mode 7,5,positivo
MoeNovel,2,neutral
Mohawk Games,2,positivo
Mojang,1,neutral
Monochrome. Inc,4,malo
Monochrome. Inc,5,neutral
Monochrome. Inc,15,positivo
Monolith,1,malo
Monolith Productions. Inc.,8,malo
Monolith Productions. Inc.,24,neutral
Monolith Productions. Inc.,38,positivo
Monolith Productions. Inc..Timegate,2,malo
Monolith Productions. Inc..Timegate,1,neutral
Monolith Productions. Inc..Timegate,2,positivo
Monolith Productions.Feral Interactive (Mac).Feral Interactive (Linux),6,malo
Monolith Productions.Feral Interactive (Mac).Feral Interactive (Linux),7,neutral
Monolith Productions.Feral Interactive (Mac).Feral Interactive (Linux),32,positivo
Monomi Park,1,malo
Monomi Park,5,positivo
Mouldy Toof Studios,2,malo
Mouldy Toof Studios,5,neutral
Mouldy Toof Studios,15,positivo
MovingBlocks,1,malo
Mr. Blue,1,positivo
MR-Software GbR,4,positivo
MURA Interactive,1,positivo
Murudai,1,positivo
Muse Games,7,malo
Muse Games,4,neutral
Muse Games,21,positivo
Nabi Studios,10,malo
Nabi Studios,10,neutral
Nabi Studios,27,positivo
Nadeo,4,neutral
Nadeo,4,positivo
NAMCO,2,positivo
Ndemic Creations,2,malo
Ndemic Creations,7,neutral
Ndemic Creations,12,positivo
Neoclassic Games,1,positivo
NeocoreGames,1,neutral
Neople,1,positivo
NetherRealm Studios.High Voltage Software,13,malo
NetherRealm Studios.High Voltage Software,16,neutral
NetherRealm Studios.High Voltage Software,18,positivo
New World Interactive,19,malo
New World Interactive,28,neutral
New World Interactive,59,positivo
Nexon,13,malo
Nexon,14,neutral
Nexon,43,positivo
NEXON Korea Corp.,5,malo
NEXON Korea Corp.,1,positivo
NGD Studios,1,malo
NGD Studios,1,neutral
NGD Studios,1,positivo
Nicalis. Inc.,16,malo
Nicalis. Inc.,17,neutral
Nicalis. Inc.,43,positivo
Nickervision Studios,2,positivo
Nicolas Bernard,1,positivo
Night Node,3,positivo
Nihon Falcom,2,positivo
Nimbly Games,1,neutral
Nimbly Games,3,positivo
Nina Freeman.Emmett Butler.Decky Coss.Joni Kittaka,1,malo
Nina Freeman.Emmett Butler.Decky Coss.Joni Kittaka,3,positivo
Ninja Kiwi,2,neutral
Ninja Kiwi,5,positivo
Ninja Theory,1,malo
Ninja Theory,1,neutral
Ninja Theory,5,positivo
Nival,1,malo
Nival,2,neutral
Nival,2,positivo
No More Room in Hell Team,25,malo
No More Room in Hell Team,58,neutral
No More Room in Hell Team,90,positivo
Noah System.Mgame,2,malo
Noah System.Mgame,2,neutral
Noble Empire Corp.,3,malo
Noble Empire Corp.,4,neutral
Noble Empire Corp.,11,positivo
Noble Master LLC,1,positivo
Noio,2,positivo
Noio.Licorice,2,malo
Noio.Licorice,6,positivo
Nom Nom Games,1,neutral
Nom Nom Games,2,positivo
NotGames,2,malo
NotGames,6,neutral
NotGames,5,positivo
Obsidian Entertainment,13,malo
Obsidian Entertainment,34,neutral
Obsidian Entertainment,82,positivo
Obsidian Entertainment.Aspyr (Mac. Linux. &amp; Windows Update),1,malo
Obsidian Entertainment.Aspyr (Mac. Linux. &amp; Windows Update),4,positivo
Octoshark Studios,2,malo
Octoshark Studios,1,neutral
Octoshark Studios,5,positivo
Offworld Industries,1,malo
Offworld Industries,1,neutral
Offworld Industries,6,positivo
Old School Games,2,neutral
Old School Games,1,positivo
Olli Harjola. Otto Hantula. Tom Jubert. Carlo Castellano,5,positivo
Omniconnection,1,malo
Omniconnection,1,positivo
Onson Soft,1,positivo
Oovee® Game Studios,2,malo
Oovee® Game Studios,2,neutral
Oovee® Game Studios,19,positivo
Opus,2,positivo
Orange_Juice,1,malo
Orange_Juice,2,neutral
OrangeGames.YoudaGames,1,neutral
OrangeGames.YoudaGames,1,positivo
Osumia Games,3,malo
Osumia Games,1,neutral
Outerlight Ltd.,4,malo
Outerlight Ltd.,3,neutral
Outerlight Ltd.,8,positivo
OVERKILL Software,8,malo
OVERKILL Software,31,neutral
OVERKILL Software,40,positivo
Pandemic Studios,5,malo
Pandemic Studios,10,neutral
Pandemic Studios,29,positivo
Paradox Development Studio,13,malo
Paradox Development Studio,11,neutral
Paradox Development Studio,45,positivo
Paul Fisch,1,malo
Paul Fisch,2,neutral
Paul Fisch,4,positivo
Payload Studios,2,malo
Payload Studios,1,neutral
Payload Studios,4,positivo
Peach Pie Productions,1,positivo
Peter Brinson and Kurosh ValaNejad,1,positivo
Petroglyph,1,malo
Petroglyph,4,positivo
Phosphor Games Studio,9,malo
Phosphor Games Studio,11,neutral
Phosphor Games Studio,26,positivo
Pieces Interactive,2,malo
Pieces Interactive,1,neutral
Pieces Interactive,1,positivo
PiGravity,1,malo
Pilgrim Adventures.GrabTheGames Studios,1,positivo
Pipeworks Studio,1,positivo
Piranha Bytes,2,malo
Piranha Bytes,2,positivo
Piranha Games Inc.,1,malo
Piranha Games Inc.,2,neutral
Pixel Federation,1,positivo
PlatinumGames,4,malo
PlatinumGames,3,neutral
PlatinumGames,10,positivo
Playbrains,1,neutral
Playdead,1,malo
Playdead,8,neutral
Playdead,9,positivo
PlayFlock,1,positivo
Playsaurus,12,malo
Playsaurus,15,neutral
Playsaurus,26,positivo
PlayWay S.A.,1,neutral
Pocketwatch Games,3,malo
Pocketwatch Games,5,neutral
Pocketwatch Games,16,positivo
Polytron Corporation,3,neutral
Polytron Corporation,5,positivo
PopCap Games. Inc.,2,neutral
PopCap Games. Inc.,4,positivo
Poppermost Productions,2,neutral
Poppermost Productions,9,positivo
Positech Games,1,neutral
Positech Games,9,positivo
Power of 2,2,malo
Power of 2,3,neutral
Power of 2,5,positivo
Prism Game Studios Ltd.,1,malo
Prism Game Studios Ltd.,2,neutral
Prism Game Studios Ltd.,7,positivo
ProjectorGames,2,malo
ProjectorGames,1,neutral
Psychic Software,2,neutral
Psychic Software,2,positivo
Psyonix. Inc.,11,malo
Psyonix. Inc.,37,neutral
Psyonix. Inc.,90,positivo
Puny Human,2,malo
Puny Human,2,positivo
Puppygames,3,positivo
Pyro Studios,1,malo
QUICKTEQUILA,1,malo
Radical Entertainment,1,malo
Radical Entertainment,2,positivo
Ragequit Corporation,3,malo
Ragequit Corporation,1,neutral
Ragequit Corporation,3,positivo
Raven Software.Aspyr (Mac),2,malo
Raven Software.Aspyr (Mac),1,neutral
Raven Software.Aspyr (Mac),3,positivo
Razvan,1,neutral
rdt.32,2,positivo
Reakktor Studios,3,positivo
Real Dynamics,1,positivo
Reality Pump,1,malo
Reality Pump Studios,2,malo
Reality Pump Studios,4,positivo
Realmforge Studios,1,neutral
Rebellion,7,malo
Rebellion,16,neutral
Rebellion,49,positivo
Red Barrels,14,malo
Red Barrels,12,neutral
Red Barrels,17,positivo
Red Duck Inc.,2,malo
Red Duck Inc.,2,neutral
Red Duck Inc.,2,positivo
Red Dwarf Games,1,neutral
Red Dwarf Games,2,positivo
Red Hook Studios,7,malo
Red Hook Studios,2,neutral
Red Hook Studios,9,positivo
Red Nettle Studio,1,positivo
Red Team Games,2,positivo
Redlynx Ltd.Ubisoft  Shanghaï,1,malo
Redlynx Ltd.Ubisoft  Shanghaï,2,neutral
Redlynx Ltd.Ubisoft  Shanghaï,4,positivo
Reiza Studios,1,neutral
Relic,2,neutral
Relic,4,positivo
Relic Entertainment,2,malo
Relic Entertainment,9,neutral
Relic Entertainment,18,positivo
Relic Entertainment.Europe at War Development Team,1,neutral
Relic Entertainment.Feral Interactive (Mac).Feral Interactive (Linux),7,malo
Relic Entertainment.Feral Interactive (Mac).Feral Interactive (Linux),13,neutral
Relic Entertainment.Feral Interactive (Mac).Feral Interactive (Linux),38,positivo
Relic Entertainment.Feral Interactive (Mac/Linux),2,malo
Relic Entertainment.Feral Interactive (Mac/Linux),5,neutral
Relic Entertainment.Feral Interactive (Mac/Linux),8,positivo
Reloaded Productions,16,malo
Reloaded Productions,28,neutral
Reloaded Productions,44,positivo
Re-Logic,32,malo
Re-Logic,83,neutral
Re-Logic,292,positivo
Remedy Entertainment,4,malo
Remedy Entertainment,1,neutral
Remedy Entertainment,10,positivo
REMIMORY,2,positivo
Replay Studios,1,neutral
Replay Studios,1,positivo
Reto-Moto,23,malo
Reto-Moto,24,neutral
Reto-Moto,78,positivo
Retro Yeti Games,1,malo
Retro Yeti Games,1,neutral
Retro Yeti Games,1,positivo
Robot Entertainment,1,malo
Robot Entertainment,7,neutral
Robot Entertainment,16,positivo
Robotronic Games,2,positivo
RobTop Games,6,malo
RobTop Games,13,neutral
RobTop Games,29,positivo
Rocketeer Games Studio. LLC,4,malo
Rocketeer Games Studio. LLC,7,positivo
Rockstar Games,2,malo
Rockstar Games,15,neutral
Rockstar Games,18,positivo
Rockstar New England,1,malo
Rockstar New England,1,neutral
Rockstar New England,8,positivo
Rockstar North,22,malo
Rockstar North,55,neutral
Rockstar North,91,positivo
Rockstar North / Toronto,2,malo
Rockstar North / Toronto,3,positivo
Rockstar Studios,3,malo
Rockstar Studios,10,neutral
Rockstar Studios,15,positivo
Rocksteady Studios,6,malo
Rocksteady Studios,2,neutral
Rocksteady Studios,15,positivo
Rocksteady Studios.Feral Interactive (Mac),5,malo
Rocksteady Studios.Feral Interactive (Mac),17,neutral
Rocksteady Studios.Feral Interactive (Mac),35,positivo
Rogue Snail,3,neutral
Roll7,1,neutral
Ronimo Games,6,malo
Ronimo Games,19,neutral
Ronimo Games,46,positivo
Room710Games,1,positivo
Rooster Teeth Games,1,malo
Rooster Teeth Games,2,neutral
Rooster Teeth Games,8,positivo
Rovio Entertainment Ltd,1,malo
Runic Games,3,malo
Runic Games,9,neutral
Runic Games,33,positivo
Running With Scissors,5,malo
Running With Scissors,15,neutral
Running With Scissors,19,positivo
S.C. 16 BIT NIGHTS S.R.L.,4,positivo
S2 Games,2,neutral
S2 Games,1,positivo
S2 Games. LLC,1,positivo
Sad Panda Studios,2,positivo
Sandswept Studios,1,malo
Sandswept Studios,1,neutral
Sauropod Studio,1,malo
Sauropod Studio,4,positivo
Scarlet String Studios,2,positivo
Scary Bee LLC,1,malo
SCS Software,8,malo
SCS Software,21,neutral
SCS Software,42,positivo
Secret Exit Ltd.,2,malo
Secret Exit Ltd.,1,neutral
Secret Exit Ltd.,8,positivo
Section Studios,1,malo
Section Studios,3,neutral
Section Studios,11,positivo
Sector3 Studios,3,malo
Sector3 Studios,2,neutral
Sector3 Studios,9,positivo
SEGA,1,malo
SEGA,2,neutral
SEGA,7,positivo
SFB Games,1,positivo
Shining Rock Software LLC,4,malo
Shining Rock Software LLC,5,neutral
Shining Rock Software LLC,13,positivo
Shiro Games,3,neutral
Shiro Games,2,positivo
Shiver Games,2,malo
Shokunin.Thomas M. Visser.Vincent Thiele,1,neutral
Shorebound Studios,1,positivo
Shortbreak Studios s.c.,1,malo
Shortbreak Studios s.c.,1,neutral
Shumkov Dmitriy,5,malo
Shumkov Dmitriy,9,neutral
Shumkov Dmitriy,14,positivo
Signal Studios.Smart Ghost,2,malo
Signal Studios.Smart Ghost,8,positivo
Silver Dollar Games,2,malo
Silver Dollar Games,6,neutral
Silver Dollar Games,8,positivo
SimBin,1,malo
SimBin,1,neutral
SimBin,3,positivo
Sixteen Tons Entertainment,3,positivo
Size Five Games,1,neutral
SkyBox Labs.Big Huge Games,2,malo
SkyBox Labs.Big Huge Games,1,neutral
SkyBox Labs.Big Huge Games,6,positivo
Skybox Labs.Hidden Path Entertainment.Ensemble Studios,5,malo
Skybox Labs.Hidden Path Entertainment.Ensemble Studios,13,neutral
Skybox Labs.Hidden Path Entertainment.Ensemble Studios,31,positivo
Sledgehammer Games.Raven Software,7,malo
Sledgehammer Games.Raven Software,7,neutral
Sledgehammer Games.Raven Software,21,positivo
Slightly Mad Studios,1,malo
Slightly Mad Studios,1,positivo
Sluggerfly,1,positivo
Smartly Dressed Games,90,malo
Smartly Dressed Games,177,neutral
Smartly Dressed Games,340,positivo
SmashGames,2,malo
SmashGames,3,neutral
SmashGames,19,positivo
Smoking WOLF,1,positivo
Smolders,1,neutral
SNK CORPORATION,3,neutral
SNK CORPORATION,3,positivo
SNK CORPORATION.DotEmu,4,neutral
SNK CORPORATION.DotEmu,7,positivo
SnoutUp,5,neutral
SnoutUp,4,positivo
Snowblind Studios,2,malo
Snowblind Studios,1,neutral
Snowblind Studios,5,positivo
Soccer Manager Ltd,1,malo
SoftStar,1,positivo
Sometimes You,1,neutral
Somi,1,malo
Somi,1,positivo
Sonic Team,1,positivo
Sorath,3,malo
Sorath,1,neutral
Sorath,3,positivo
Sos,1,malo
Sos,2,neutral
Sos,3,positivo
Soviet Games,1,neutral
Soviet Games,3,positivo
Space Boat Studios,1,malo
Space Boat Studios,1,positivo
Space Cat Studios.SnowFlame.Back To Basics Gaming,1,neutral
Space Cat Studios.SnowFlame.Back To Basics Gaming,3,positivo
Spark Unlimited,1,malo
Spark Unlimited,1,neutral
sparsevector,2,malo
sparsevector,1,neutral
sparsevector,6,positivo
Spasman Games,2,malo
Spasman Games,9,positivo
Spearhead Games,1,neutral
Spearhead Games,2,positivo
Spicyhorse Games,1,neutral
Spiderling Studios,7,malo
Spiderling Studios,8,neutral
Spiderling Studios,20,positivo
Spidermonk Entertainment,1,positivo
Splash Damage,13,malo
Splash Damage,16,neutral
Splash Damage,51,positivo
Squad,7,malo
Squad,13,neutral
Squad,41,positivo
Square Enix,6,malo
Square Enix,5,neutral
Square Enix,18,positivo
Stage 2 Studios,1,malo
Stage 2 Studios,1,positivo
stage-nana,1,malo
stage-nana,4,positivo
Stainless Games,1,neutral
Stainless Games,5,positivo
Stainless Games Ltd,1,positivo
Stainless Games Ltd.,4,malo
Stainless Games Ltd.,3,neutral
Stainless Games Ltd.,10,positivo
Standing Stone Games. LLC,2,malo
Standing Stone Games. LLC,5,neutral
Standing Stone Games. LLC,5,positivo
Star Gem Inc.,3,malo
Star Gem Inc.,3,neutral
Star Gem Inc.,15,positivo
Star Vault AB,1,positivo
Starbreeze,3,neutral
Starbreeze Studios AB,3,malo
Starbreeze Studios AB,3,neutral
Starbreeze Studios AB,8,positivo
Stardock Entertainment,2,positivo
Steel Monkeys,2,neutral
Steel Monkeys,1,positivo
Stegersaurus Software Inc.,1,malo
Stegersaurus Software Inc.,4,neutral
Stegersaurus Software Inc.,7,positivo
Stoic,5,positivo
Stolen Couch Games,1,neutral
Stout Games,1,malo
Stout Games,1,neutral
Stout Games,1,positivo
Strange Loop Games,1,positivo
Streum On Studio,3,malo
Streum On Studio,3,neutral
Streum On Studio,5,positivo
Stridemann,3,neutral
Stridemann,7,positivo
Studio Pixel,1,positivo
STUDIO RADI-8,3,positivo
Studio Wildcard.Instinct Games.Efecto Studios.Virtual Basement LLC,30,malo
Studio Wildcard.Instinct Games.Efecto Studios.Virtual Basement LLC,29,neutral
Studio Wildcard.Instinct Games.Efecto Studios.Virtual Basement LLC,102,positivo
Stunlock Studios,1,positivo
Subatomic Studios LLC,1,positivo
Subset Games,15,malo
Subset Games,5,neutral
Subset Games,47,positivo
Subsoap,1,positivo
Sumo Digital,1,malo
Sumo Digital,9,neutral
Sumo Digital,6,positivo
Supergiant Games,3,malo
Supergiant Games,8,neutral
Supergiant Games,39,positivo
SUPERHOT Team,1,malo
SUPERHOT Team,1,neutral
SUPERHOT Team,6,positivo
SuperVillain Studios,3,malo
SuperVillain Studios,3,positivo
Suspicious Developments,2,malo
Suspicious Developments,20,positivo
Sven Co-op Team,8,neutral
Sven Co-op Team,6,positivo
TaleWorlds Entertainment,13,malo
TaleWorlds Entertainment,23,neutral
TaleWorlds Entertainment,65,positivo
tamationgames,1,neutral
Tango Gameworks,2,malo
Tango Gameworks,1,neutral
Tate Multimedia,1,neutral
Tate Multimedia,2,positivo
TB Games,2,malo
TB Games,1,neutral
TB Games,2,positivo
Team 6 Studios,1,malo
Team Bondi.Rockstar Leeds,1,malo
Team Bondi.Rockstar Leeds,1,neutral
Team Bondi.Rockstar Leeds,1,positivo
Team Eleven Eleven,1,neutral
Team Fractal Alligator,2,neutral
Team Fractal Alligator,4,positivo
Team Psykskallar,29,malo
Team Psykskallar,28,neutral
Team Psykskallar,24,positivo
Team Reptile,3,neutral
Team Reptile,7,positivo
Team17 Digital Ltd,4,malo
Team17 Digital Ltd,4,neutral
Team17 Digital Ltd,8,positivo
Techland,5,malo
Techland,13,neutral
Techland,34,positivo
Teeworlds Team,1,positivo
Telltale Games,14,malo
Telltale Games,32,neutral
Telltale Games,112,positivo
Tequila Works. S.L.,1,malo
Tequila Works. S.L.,1,neutral
Tequila Works. S.L.,7,positivo
Terry Cavanagh,16,malo
Terry Cavanagh,22,neutral
Terry Cavanagh,45,positivo
Test3 Projects,1,malo
Test3 Projects,1,neutral
Test3 Projects,1,positivo
The Behemoth,14,malo
The Behemoth,51,neutral
The Behemoth,111,positivo
The Chinese Room,2,malo
The Chinese Room,1,neutral
The Chinese Room,1,positivo
The Creative Assembly,2,neutral
The Creative Assembly,6,positivo
The Creative Assembly.Feral Interactive (Mac),1,malo
The Creative Assembly.Feral Interactive (Mac),4,neutral
The Creative Assembly.Feral Interactive (Mac),7,positivo
The Creative Assembly.Feral Interactive (Mac).Feral Interactive (Linux),4,malo
The Creative Assembly.Feral Interactive (Mac).Feral Interactive (Linux),6,neutral
The Creative Assembly.Feral Interactive (Mac).Feral Interactive (Linux),24,positivo
The Farm 51,1,malo
The Farm 51,1,neutral
The Indie Stone,5,malo
The Indie Stone,1,neutral
The Indie Stone,11,positivo
The Men Who Wear Many Hats,3,positivo
The Sims Studio,5,malo
The Sims Studio,2,neutral
The Sims Studio,3,positivo
the whale husband,2,malo
the whale husband,5,neutral
the whale husband,1,positivo
Thekla. Inc.,1,positivo
Thomas Bowker,1,malo
Thomas Bowker,2,neutral
Thomas Bowker,3,positivo
Those Awesome Guys,2,neutral
Those Awesome Guys,2,positivo
Three Rings,1,malo
Tigerish Games,1,positivo
TimeGate Studios,1,positivo
tinyBuild,1,malo
tinyBuild,1,neutral
tinyBuild,2,positivo
Tlön Studios,2,neutral
Tlön Studios.Ilex Games,1,neutral
Tlön Studios.Ilex Games,1,positivo
tobyfox,2,malo
tobyfox,22,neutral
tobyfox,48,positivo
Tomi Maarela.Elias Viglione,1,malo
Tomi Maarela.Elias Viglione,2,neutral
Tomi Maarela.Elias Viglione,5,positivo
Tomorrow Corporation,1,positivo
Torn Banner Studios,23,malo
Torn Banner Studios,34,neutral
Torn Banner Studios,59,positivo
Totally Games,1,malo
Traveller's Tales,1,malo
Traveller's Tales,7,neutral
Traveller's Tales,21,positivo
Traveller's Tales.Feral Interactive (Mac),2,malo
Traveller's Tales.Feral Interactive (Mac),3,positivo
Traveller's Tales.TT Games.Feral Interactive (Mac),1,positivo
treeform,1,neutral
Trek Industries. Inc,13,malo
Trek Industries. Inc,32,neutral
Trek Industries. Inc,38,positivo
Trendy Entertainment,3,malo
Trendy Entertainment,12,neutral
Trendy Entertainment,34,positivo
Treyarch,33,malo
Treyarch,44,neutral
Treyarch,106,positivo
Tribe Studios,3,malo
Tribe Studios,1,neutral
Tribe Studios,1,positivo
Tribute Games Inc.,1,positivo
Trion Worlds,13,malo
Trion Worlds,24,neutral
Trion Worlds,48,positivo
Trion Worlds. Inc.,7,malo
Trion Worlds. Inc.,9,neutral
Trion Worlds. Inc.,7,positivo
Tripwire Interactive,43,malo
Tripwire Interactive,96,neutral
Tripwire Interactive,146,positivo
Triumph Studios.Virtual Programming,2,malo
Triumph Studios.Virtual Programming,2,neutral
Triumph Studios.Virtual Programming,3,positivo
Troika Games,1,neutral
Troika Games,2,positivo
TT Fusion.Traveller's Tales.Feral Interactive (Mac),3,positivo
TT Games,1,neutral
TT Games,2,positivo
TT Games Ltd.Feral Interactive (Mac),1,malo
TT Games Ltd.Feral Interactive (Mac),1,neutral
TT Games Ltd.Feral Interactive (Mac),2,positivo
Turbo Pixel Studios,1,positivo
TURBOGUN,1,positivo
Turtle Rock Studios,12,malo
Turtle Rock Studios,13,neutral
Turtle Rock Studios,31,positivo
Two Tribes,1,neutral
Two Tribes,5,positivo
Ty Taylor and Mario Castañeda.The Quantum Astrophysicists Guild,2,positivo
Uber Entertainment,3,malo
Uber Entertainment,12,neutral
Uber Entertainment,13,positivo
Ubisoft,11,malo
Ubisoft,4,neutral
Ubisoft,11,positivo
Ubisoft - San Francisco,7,positivo
Ubisoft Montpellier,5,malo
Ubisoft Montpellier,12,positivo
Ubisoft Montreal,6,malo
Ubisoft Montreal,4,neutral
Ubisoft Montreal,5,positivo
Ubisoft Montréal,1,malo
Ubisoft Montréal,2,positivo
Ubisoft Montreal. Massive Entertainment. and Ubisoft Shanghai,9,malo
Ubisoft Montreal. Massive Entertainment. and Ubisoft Shanghai,20,neutral
Ubisoft Montreal. Massive Entertainment. and Ubisoft Shanghai,44,positivo
Ubisoft Montreal. Red Storm. Shanghai. Toronto. Kiev,7,malo
Ubisoft Montreal. Red Storm. Shanghai. Toronto. Kiev,4,neutral
Ubisoft Montreal. Red Storm. Shanghai. Toronto. Kiev,9,positivo
Undead Labs,12,malo
Undead Labs,6,neutral
Undead Labs,30,positivo
United Front Games.Feral Interactive (Mac),1,neutral
United Front Games.Feral Interactive (Mac),3,positivo
United Independent Entertainment GmbH.Actalogic,1,positivo
Unknown Worlds Entertainment,9,malo
Unknown Worlds Entertainment,13,neutral
Unknown Worlds Entertainment,15,positivo
Unwonted Studios,1,positivo
U-Play Online,2,positivo
Valve,401,malo
Valve,1038,neutral
Valve,2039,positivo
Vanguard Games.343 Industries,1,neutral
Vanguard Games.343 Industries,6,positivo
Vblank Entertainment. Inc.,1,neutral
Vblank Entertainment. Inc.,2,positivo
Vertigo Gaming Inc.,1,malo
Vertigo Gaming Inc.,1,neutral
Vertigo Gaming Inc.,3,positivo
Vicious Cycle Software. Inc.,1,malo
Vigil Games,1,positivo
Virgin Interactive Entertainment.PriitK,1,positivo
VIS - Visual Imagination Software,1,malo
Visceral Games,1,malo
Visceral Games,1,positivo
Visual Concepts,3,malo
Visual Concepts,1,neutral
Visual Concepts,4,positivo
Visual Concepts.Yuke's,1,malo
Visual Concepts.Yuke's,1,positivo
Viswanath Atlu.Laurie Banks.Rohan Bhukan.Nick Burnham.Avinash Kalapala.Yash Kapani.Katharine Marsh.Ankur Rathore.Hardit Singh.Anoop Nihar Srinivas.Ryan Guanyuhao Jiang.Robert Zhu,1,malo
Viswanath Atlu.Laurie Banks.Rohan Bhukan.Nick Burnham.Avinash Kalapala.Yash Kapani.Katharine Marsh.Ankur Rathore.Hardit Singh.Anoop Nihar Srinivas.Ryan Guanyuhao Jiang.Robert Zhu,1,neutral
Vitali Kirpu,4,malo
Vitali Kirpu,1,neutral
Vitali Kirpu,6,positivo
Vladimir Maslov,2,positivo
Vlambeer,7,malo
Vlambeer,11,neutral
Vlambeer,23,positivo
Volition,11,malo
Volition,33,neutral
Volition,55,positivo
Volition. Inc.,1,positivo
Volition.Reactor Zero.THQ Nordic,1,neutral
Volition.Reactor Zero.THQ Nordic,4,positivo
Vortal Storm,2,malo
Vortal Storm,2,positivo
Vostok Games,3,malo
Vostok Games,2,neutral
Vostok Games,4,positivo
VStep,1,neutral
WARTEAM,6,malo
WARTEAM,4,neutral
WARTEAM,9,positivo
WayForward,3,positivo
WB Games Montreal.Splash Damage,5,malo
WB Games Montreal.Splash Damage,12,neutral
WB Games Montreal.Splash Damage,23,positivo
WeMade,1,malo
WeMade,2,positivo
Wholetone Games,2,neutral
Wild Shadow Studios,30,malo
Wild Shadow Studios,38,neutral
Wild Shadow Studios,80,positivo
Wizarbox,1,positivo
WOLCEN Studio,1,positivo
Wolfire Games,2,malo
Wolfire Games,2,neutral
Wolfire Games,5,positivo
Wube Software LTD.,1,malo
Wube Software LTD.,3,neutral
Wube Software LTD.,10,positivo
Wyrmbyte,1,malo
Wyrmbyte,2,neutral
Wyrmbyte,3,positivo
Xavi Canal. Ben Palgi,2,neutral
Xavi Canal. Ben Palgi,1,positivo
Xaviant,2,positivo
X-Legend,1,malo
X-Legend,3,neutral
X-Legend,10,positivo
XLGAMES,2,malo
XLGAMES,5,positivo
XYLA Entertainment,1,neutral
Yacht Club Games,1,malo
Yacht Club Games,1,neutral
Yacht Club Games,3,positivo
Yager Development,7,malo
Yager Development,5,neutral
Yager Development,26,positivo
YFYX GAMES,1,positivo
Young Horses,1,malo
Young Horses,7,neutral
Young Horses,6,positivo
Zachtronics,1,malo
Zachtronics,1,neutral
Zachtronics,2,positivo
Zaxis Games.B-evil,1,malo
Zeboyd Games,1,neutral
Zeboyd Games,1,positivo
Zeiva Inc,1,positivo
Zenimax Online Studios,2,malo
Zenimax Online Studios,2,neutral
Zenimax Online Studios,13,positivo
Zombie Studios,1,neutral
インレ.Inre,1,malo
橘子班,1,malo
橘子班,2,neutral
